Patid,Histo,KRAS,EFGR,PIK3CA,BRAF,ERBB2,P53
AGG600716,AC,c.34G>K    p.Gly12Cys (G12C) ,WT,WT,WT,WT,"80_SNP_A>G_R-Arg_exon6, 102_deletion_C_exon8"
ANO420520,AC,c.35G>K    p.Gly12Val (G12V) ,WT,WT,WT,WT,"39_G>A_Met>Ile_exon7, 75_G>C_exon7"
ARC270517,SCC,WT,WT,WT,WT,WT,"47_G>T_Ser>Ile_exon7, 51_C>A_Ser>Ser_exon7"
AVI260916,AC,WT,WT,WT,WT,WT,WT
AZE450213,AC,WT,WT,WT,WT,WT,WT
BAR331123,SCC,,,,,WT,WT
BAS260512,AC,WT,WT,WT,WT,c.2883T>G     p.Ile961Met      (I961M)   AGVGD Class C0_exon 24,WT
BAS260724,AC,c.34G>K    p.Gly12Cys (G12C) ,WT,WT,WT,WT,WT
BEM291129,SCC,WT,WT,WT,WT,WT,WT
BEN480707,SCC,WT,WT,WT,WT,WT,WT
BEN410529,LCC,WT,WT,WT,WT,WT,WT
BER520430,AC,c.35G>R    p.Gly12Asp (G12D) ,WT,WT,WT,WT,WT
BIE410219,SCC,WT,WT,WT,WT,WT,WT
BOU480910,AC,WT,WT,WT,WT,WT,WT
BOU291129,SCC,WT,WT,WT,WT,WT,63_C>T_Gly>Gly_exon7
BOU520111,AC,WT,WT,WT,WT,WT,WT
BRO521127,AC,WT,WT,WT,WT,WT,WT
BRZ470326,AC,WT,WT,WT,WT,WT,WT
CAM520101,Other SCLC,WT,WT,WT,pas de sequence,WT,WT
CAP460215,LCC,c.34G>K    p.Gly12Cys (G12C) ,WT,WT,WT,WT,WT
CHA280524,AC,WT,WT,WT,WT,WT,WT
CHA571008,LCC,WT,WT,WT,WT,WT,WT
CHA470718,LCC,c.35G>K    p.Gly12Val (G12V) ,WT,WT,WT,WT,WT
CHE511225,AC,WT,WT,WT,WT,WT,WT
COU420201,AC,WT,WT, c.3075C>T     p .=    rs17849079,WT,WT,139_A>G_Glu>Gly_exon5
CRE420423,SCC,WT,WT,WT,WT,WT,WT
DAM200413,SCC,WT,WT,WT,WT,WT,WT
DAV320407,SCC,WT,WT,WT,WT,WT,WT
DEL330821,AC,c.35G>K    p.Gly12Val (G12V) ,WT,WT,WT,WT,WT
DEP351121,SCC,WT,WT,WT,WT,WT,17_G>T_exon10
DES580418,AC,WT,WT,WT,WT,WT,WT
DEW440406,AC,c.35G>R    p.Gly12Asp (G12D) ,WT,WT,WT,WT,WT
DHE321214,Other ADEC,WT,WT,WT,WT,WT,177_G>T_Asp>Tyr_exon5
DOM590729,SCC,WT,WT,WT,WT,WT,96_G>C_Val>Leu_exon5
DUV330713,SCC,WT,WT,WT,WT,WT,WT
ECU520713,AC,,WT,WT,pas de sequence,WT,"62_G>A_Gly>Asp_exon7, and  88_insertion_G_exon7"
EDO300812,SCC,WT,WT,WT,pas de sequence,WT,WT
ELA540809,LCC,WT,WT,WT,WT,WT,WT
ELB330728,AC,c.34G>K    p.Gly12Cys (G12C) ,WT,WT,WT,WT,WT
FER471031,AC,c.34G>K    p.Gly12Cys (G12C) ,WT,WT,WT,WT,94_G>A_Arg>His_exon5
FER461230,SCC,WT,WT,WT,WT,WT,WT
FIL381013,AC,WT,WT,WT,WT,WT,55_G>C_Gly>Ala_exon8
FLA490711,AC,WT,WT,WT,WT,WT,WT
FOR440321,AC,WT,WT,WT,WT,WT,WT
FOR410727,SCC,WT,WT,WT,WT,WT,WT
FRO440806,AC,c.35G>K    p.Gly12Val (G12V) ,WT,WT,WT,WT,WT
GAN350811,SCC,WT, c.2184+19G>R        Non Codant    rs17337107,WT,WT,WT,57_A>T_Arg>Stop_exon8
GAR410813,SCC,WT,WT,WT,WT,WT,WT
GAR450819,SCC,WT, c.2184+19G>R        Non Codant    rs17337107,WT,WT,WT,WT
GEF541216,AC,WT,WT,WT,WT,WT,"58_insertion_G, 75_SNP_G>A_Arg>Arg_exon7"
GEO270114,SCC,WT,WT,WT,WT,WT,42_A>G_Lys>Glu_exon5
GID490224,AC,,,,,,WT
GIL230901,SCC,WT,WT,WT,WT,WT,WT
GIR220606,AC,WT,WT,WT,WT,WT,WT
GOE191205,AC,,,,,,WT
GOM450227,SCC,WT,WT,WT,WT,WT,WT
GRO250108,AC,WT, c.2184+19G>R        Non Codant    rs17337107,WT,WT,WT,WT
GRY470526,AC,WT,WT,c.2937-96A>C         Non Codant,WT,WT,WT
GUI390806,AC,WT,WT,WT,c.1799T>W   p.Val600Glu   (V600E),wt,WT
GUI200304,AC,WT,WT,WT,WT,WT,WT
HAM640729,SCC,WT,WT,WT,WT,WT,"58_G>A_Gly>Ser_exon6, 65_T>A_Met>Lys_exon7, 70_G>A?_Gly?>Arg?_exon7, 129_C>T_exon7"
HAR331217,SCC,WT, c.2184+19G>A        Non Codant    rs17337107,WT,WT,WT,WT
HOU501106,AC,,,,,,WT
IGL380217,AC,WT,WT,WT,WT,WT,WT
ISA300917,SCC,WT,WT,WT,WT,WT,WT
IVA360731,SCC,WT,WT,WT,WT,WT,WT
JAY440311,AC,,,,,,WT
JEA320618,LCC,,,wt,wt,wt,"47_G>T_Ser>Ile_exon7, 51_C>A_Ser>Ser_exon7, 83_C>A?_Pro?>His?_exon7"
KEI431016,SCC,WT,WT,WT,WT,WT,WT
KON381027,AC,WT,WT,WT,WT,WT,119_G>T_Lys>Asn_exon5
KRA420928,AC,WT,c.2320_2321ins3bp (CAC)  p.Val774delinsAlaLeu exon 20,WT,WT,WT,WT
LAM380228,AC,c.35G>S    p.Gly12Ala (G12A) ,WT,WT,WT,WT,152_insertion_T_exon5
LAN041130,LCC,WT,WT,WT,WT,WT,WT
LAN510426,SCC,WT, c.2184+19G>R        Non Codant    rs17337107,WT,WT,WT,WT
LEF320516,SCC,WT,WT,WT,WT,WT,83_T>C_exon7
LEF341111,SCC,WT,WT,WT,WT,WT,55_A>G_Tyr>Cys_exon6
LEJ501115,SCC,WT,WT,WT,WT,WT,WT
LEL450721,AC,c.34G>K    p.Gly12Cys (G12C) ,WT,WT,WT,WT,WT
LEM351012,LCC,WT,WT,WT,WT,WT,WT
LEN371015,SCC,WT,WT,WT,WT,WT,163_A>T_His>Leu_exon5
LEP560531,AC,,,,,,WT
LER460716,SCC,WT,WT,WT,WT,WT,WT
MAC460101,AC,c.34G>K    p.Gly12Cys (G12C) ,WT,WT,WT,WT,WT
MAC381220,SCC,WT,WT,WT,WT,WT,96_G>T_Val>Phe_exon5
MAR240911,SCC,WT,WT,WT,WT,WT,WT
MAR491126,SCC,WT,WT,WT,WT,WT,WT
MAR430726,AC,WT,WT,WT,WT,WT,WT
MAR350507,SCC,WT,WT,WT,WT,WT,158_C>G_exon7
MAR470322,LCC,WT,WT,WT,WT,WT,WT
MAT230414,SCC,WT,WT,WT,WT,WT,WT
MER490318,AC,c.34G>K    p.Gly12Cys (G12C) , c.2184+19G>R        Non Codant    rs17337107,WT,WT,WT,"80_SNP_A>G_R-Arg_exon6, 101_A>G_Glu>Gly_exon7, 106_T>A_Ser>Thr_exon7, 142_C>G_exon7"
NEG410311,AC,WT,c.2215_2229del15bp     p.Lys739_Ala743de exon 20,WT,WT,WT,WT
NIN270409,AC,WT, c.2156G>C          p.Gly719Ala         (G719A)     VAR_026086 exon 18 c.2303G>T   p.Ser768Ile   (S768I)      AGVGD Class C65 exon 20 ,WT,WT,WT,WT
PAN390607,AC,c.34G>K    p.Gly12Cys (G12C) ,WT,WT,WT,WT,WT
PAQ470203,LCC,WT,WT,WT,WT,WT,WT
PEC481113,AC,c.34G>K    p.Gly12Cys (G12C) , c.2184+19G>R        Non Codant    rs17337107,WT,WT,WT,WT
PER401217,Other ADEC,WT,WT,WT,WT,WT,WT
PER510713,AC,WT,WT,WT,WT,WT,WT
PIQ340906,SCC,WT,WT,WT,WT,WT,WT
RAB330621,SCC,,,,,,WT
RAM530325,AC,WT,WT,WT,WT,WT,WT
REC590707,LCC,WT,WT,WT,WT,WT,54_T>C_Tyr>His_exon6
REJ471005,SCC,WT, c.2184+19G>R        Non Codant    rs17337107,WT,WT,WT,WT
RIT431108,AC,c.35G>K    p.Gly12Val (G12V) ,WT,WT,WT,WT,WT
RIT490630,SCC,WT,WT,WT,WT,WT,WT
SAI380426,AC,WT,WT,WT,WT,WT,WT
SAU450710,SCC,WT,WT,WT,WT,WT,"70_C>T_Arg>Trp_exon7, 71_SNP_G>A_exon7"
SER300810,LCC,WT,WT,WT,WT,WT,26deletion_T_exon9
SIK471101,AC,WT,WT,WT,WT,WT,WT
SUT470608,SCC,WT,WT,WT,WT,WT,WT
TAI320613,AC,WT,c.2313_2314ins9bp (CCCCAGGCG)     p.Pro772_His773insGlnAlaPro_expn 20,WT,WT,WT,WT
TAR290829,SCC,WT,WT,WT,WT,WT,WT
TAT400901,AC,c.34G>K    p.Gly12Cys (G12C) ,WT,WT,WT,WT,WT
THU220630,SCC,WT,WT,WT,WT,WT,WT
TIL420228,SCC,WT, c.2184+19G>R        Non Codant    rs17337107,WT,WT,WT,WT
UST500306,SCC,WT,WT,WT,WT,WT,WT
VAL271009,SCC,WT,WT,WT,WT,WT,WT
VIL310309,SCC,WT,WT,WT,WT,WT,99_C>G_Arg>Gly_exon5
WIS320823,SCC,,,,,,WT
YOT471216,AC,WT,WT,WT,WT,WT,WT
ZIT420630,AC,c.183A>W  p.Gln61His     (Q61H)    rs17851045 exon 3,WT,WT,WT,WT,"92_C>T_exon5, 104_C<T_exon5, 128_C>G_Ser>Arg_exon8, "
